Workbook

Sheet Media_Data
A1: Article_ID | B1: Publish_Date | C1: Category | D1: Article_Title | E1: Views | F1: Clicks | G1: Likes | H1: Shares | I1: CTR | J1: Engagements
A2: A001 | B2: 46266 | C2: Technology | D2: AI Trends | E2: 12000 | F2: 960 | G2: 420 | H2: 85 | I2: =IFERROR(F2/E2,0) -> 0.08 | J2: =G2+H2 -> 505
A3: A002 | B3: 46266 | C3: Business | D3: Market Update | E3: 9500 | F3: 570 | G3: 280 | H3: 42 | I3: =IFERROR(F3/E3,0) -> 0.06 | J3: =G3+H3 -> 322
A4: A003 | B4: 46267 | C4: Entertainment | D4: Film Review | E4: 15000 | F4: 1350 | G4: 920 | H4: 150 | I4: =IFERROR(F4/E4,0) -> 0.09 | J4: =G4+H4 -> 1070
A5: A004 | B5: 46267 | C5: Technology | D5: Cybersecurity Tips | E5: 11000 | F5: 880 | G5: 390 | H5: 70 | I5: =IFERROR(F5/E5,0) -> 0.08 | J5: =G5+H5 -> 460
A6: A005 | B6: 46268 | C6: Sports | D6: Match Analysis | E6: 18000 | F6: 1440 | G6: 1100 | H6: 210 | I6: =IFERROR(F6/E6,0) -> 0.08 | J6: =G6+H6 -> 1310
A7: A006 | B7: 46268 | C7: Business | D7: Startup News | E7: 8000 | F7: 400 | G7: 190 | H7: 35 | I7: =IFERROR(F7/E7,0) -> 0.05 | J7: =G7+H7 -> 225
A8: A007 | B8: 46269 | C8: Entertainment | D8: Celebrity Interview | E8: 14000 | F8: 1120 | G8: 760 | H8: 125 | I8: =IFERROR(F8/E8,0) -> 0.08 | J8: =G8+H8 -> 885
A9: A008 | B9: 46269 | C9: Technology | D9: Mobile Innovations | E9: 13000 | F9: 910 | G9: 440 | H9: 95 | I9: =IFERROR(F9/E9,0) -> 0.07 | J9: =G9+H9 -> 535
A10: A009 | B10: 46270 | C10: Sports | D10: Tournament Highlights | E10: 22000 | F10: 1980 | G10: 1450 | H10: 300 | I10: =IFERROR(F10/E10,0) -> 0.09 | J10: =G10+H10 -> 1750
A11: A010 | B11: 46270 | C11: Business | D11: Economic Outlook | E11: 10500 | F11: 630 | G11: 310 | H11: 55 | I11: =IFERROR(F11/E11,0) -> 0.06 | J11: =G11+H11 -> 365
A12: A011 | B12: 46271 | C12: Entertainment | D12: Music Trends | E12: 12500 | F12: 1000 | G12: 680 | H12: 110 | I12: =IFERROR(F12/E12,0) -> 0.08 | J12: =G12+H12 -> 790
A13: A012 | B13: 46271 | C13: Technology | D13: Data Analytics Guide | E13: 16000 | F13: 1440 | G13: 600 | H13: 130 | I13: =IFERROR(F13/E13,0) -> 0.09 | J13: =G13+H13 -> 730
... A16: A015 | B16: 46273 | C16: Entertainment | D16: Streaming Review | E16: 19000 | F16: 1520 | G16: 1050 | H16: 190 | I16: =IFERROR(F16/E16,0) -> 0.08 | J16: =G16+H16 -> 1240

Sheet Analysis
A1: Total Views | B1: =SUM(Media_Data!E2:E16) -> 209000 | D1: Category | E1: Total Views | F1: Total Clicks | G1: Average CTR
A2: Total Clicks | B2: =SUM(Media_Data!F2:F16) -> 16140 | D2: Technology | E2: =SUMIF(Media_Data!C:C,D2,Media_Data!E:E) -> 52000 | F2: =SUMIF(Media_Data!C:C,D2,Media_Data!F:F) -> 4190 | G2: =AVERAGEIF(Media_Data!C:C,D2,Media_Data!I:I) -> 0.08
A3: Total Engagements | B3: =SUM(Media_Data!J2:J16) -> 11617 | D3: Business | E3: =SUMIF(Media_Data!C:C,D3,Media_Data!E:E) -> 39500 | F3: =SUMIF(Media_Data!C:C,D3,Media_Data!F:F) -> 2520 | G3: =AVERAGEIF(Media_Data!C:C,D3,Media_Data!I:I) -> 0.0625
A4: Average CTR | B4: =AVERAGE(Media_Data!I2:I16) -> 0.075333333 | D4: Entertainment | E4: =SUMIF(Media_Data!C:C,D4,Media_Data!E:E) -> 60500 | F4: =SUMIF(Media_Data!C:C,D4,Media_Data!F:F) -> 4990 | G4: =AVERAGEIF(Media_Data!C:C,D4,Media_Data!I:I) -> 0.0825
A5: Highest Views | B5: =MAX(Media_Data!E2:E16) -> 22000 | D5: Sports | E5: =SUMIF(Media_Data!C:C,D5,Media_Data!E:E) -> 57000 | F5: =SUMIF(Media_Data!C:C,D5,Media_Data!F:F) -> 4440 | G5: =AVERAGEIF(Media_Data!C:C,D5,Media_Data!I:I) -> 0.076666667
A6: Lowest Views | B6: =MIN(Media_Data!E2:E16) -> 8000
A7: Average Views per Article | B7: =AVERAGE(Media_Data!E2:E16) -> 13933.333
A9: MEDIA PERFORMANCE ANALYSIS DASHBOARD
A45: BUSINESS INSIGHTS
A46: Sports articles received 57,000 views, indicating strong audience interest in sports content.
A47: Entertainment was the top-performing category by total views, with 60,500 views
A48: Technology articles generated 52,000 views and 4,190 clicks, showing measurable audience engagement.
A49: The average Click-Through Rate (CTR) was approximately 7.53%, measuring how effectively article views converted into clicks.
